x11/gnome2||%DATE%|removed in flavor of GNOME 3
x11/gnome2-lite||%DATE%|removed in flavor of GNOME 3
accessibility/accerciser3|accessibility/accerciser|%DATE%|moved
accessibility/mousetweaks3|accessibility/mousetweaks|%DATE%|moved
accessibility/orca3|accessibility/orca|%DATE%|moved
archivers/file-roller3|archivers/file-roller|%DATE%|moved
audio/rhythmbox3|audio/rhythmbox|%DATE%|moved
databases/evolution-data-server3|databases/evolution-data-server|%DATE%|moved
deskutils/gucharmap3|deskutils/gucharmap|%DATE%|moved
devel/anjuta3|devel/anjuta|%DATE%|moved
devel/devhelp3|devel/devhelp|%DATE%|moved
devel/seed3|devel/seed|%DATE%|moved
editors/gedit3|editors/gedit|%DATE%|moved
editors/gedit-plugins3|editors/gedit-plugins|%DATE%|moved
editors/ghex3|editors/ghex|%DATE%|moved
games/gnome-games3|games/gnome-games|%DATE%|moved
graphics/eog3|graphics/eog|%DATE%|moved
graphics/eog-plugins3|graphics/eog-plugins|%DATE%|moved
graphics/evince3|graphics/evince|%DATE%|moved
mail/evolution-exchange3|mail/evolution-exchange|%DATE%|moved
mail/evolution-mapi3|mail/evolution-mapi|%DATE%|moved
math/gcacltool3|math/gcalctool|%DATE%|moved
misc/gnome-devel-docs3|misc/gnome-devel-docs|%DATE%|moved
misc/gnome-user/docs3|misc/gnome-user-docs|%DATE%|moved
multimedia/cheese3|multimedia/cheese|%DATE%|moved
multimedia/totem3|multimedia/totem|%DATE%|moved
net/gnome-nettool3|net/gnome-nettool%DATE%|moved
net/vinagre3|net/vinagre|%DATE%|moved
net/vino3|net/vino|%DATE%|moved
net-im/empathy3|net-im/empathy|%DATE%|moved
net-im/folks04|net-im/folks|%DATE%|moved
net-im/telepathy-farsight|net-im/telepathy-farstream|%DATE%|replaced
security/seahorse3|security/seahorse|%DATE%|moved
security/seahorse-plugins||%DATE%|removed
sysutils/brasero3|sysutils/brasero|%DATE%|moved
sysutils/gconf-editor3|sysutils/gconf-editor|%DATE%|moved
sysutils/gnome-control-center3|sysutils/gnome-control-center|%DATE%|moved
sysutils/gnome-power-manager3|sysutils/gnome-power-manager|%DATE%|moved
sysutils/gnome-system-monitor3|sysutils/gnome-system-monitor|%DATE%|moved
www/epiphany3|www/epiphany|%DATE%|moved
www/epiphany-extensions3|www/epiphany-extensions|%DATE%|moved
x11/gdm3|x11/gdm|%DATE%|moved
x11/gnome-desktop3|x11/gnome-desktop|%DATE%|moved
x11/gnome-menus3|x11/gnome-menus|%DATE%|moved
x11/gnome-panel3|x11/gnome-panel|%DATE%|moved
x11/gnome-screensaver3|x11/gnome-screensaver|%DATE%|moved
x11/gnome-session3|x11/gnome-session|%DATE%|moved
x11/gnome-terminal3|x11/gnome-terminal|%DATE%|moved
x11/yelp3|x11/yelp|%DATE%|moved
x11-fm/nautilus3|x11-fm/nautilus|%DATE%|moved
x11-toolkits/gdl3|x11-toolkits/gdl|%DATE%|moved
x11-wm/metacity3|x11-wm/metacity|%DATE%|moved
